TestSequence, openh264QP ,  ,      ,       ,   ,   , , openh264BR,  ,       ,      ,   ,   , , Openh264Multi ,      ,       ,      ,   ,   , , ,x264_0, Profile_baseline,Speed_fast,       ,   ,,,x264_0, Profile_baseline,Speed_faster,       ,   ,,,x264_1, Profile_baseline,,       ,   ,,,x264_2, Profile_baseline,,       ,   ,,
            , BR,     PSNR_Y, PSNR_U,PSNR_V,FPS, ET, , BR,    PSNR_Y, PSNR_U,PSNR_V,FPS, ET, , BR,  PSNR_Y, PSNR_U,PSNR_V,FPS, ET, , ,BR                      , PSNR_Y,PSNR_U,PSNR_V, FPS,,,BR                      , PSNR_Y,PSNR_U,PSNR_V, FPS,,,BR                      , PSNR_Y,PSNR_U,PSNR_V, FPS,,,BR                      , PSNR_Y,PSNR_U,PSNR_V, FPS,,
vidyo1_1280x720_60.yuv_QP_12_TarBit_9899,9899.7 ,47.634 ,48.495 ,48.999 ,31.981875, 18.760626,  ,8878.0 ,46.410 ,47.947 ,48.592 ,32.509563, 18.456108, ,6378.5 ,44.865 ,47.186 ,47.885 ,36.424662, 16.472356, , , , ,10003.61,44.388 ,46.726 ,47.761 ,19.06 , , ,10007.18,44.234 ,47.107 ,48.150 ,13.28 , , ,10012.95,44.245 ,47.124 ,48.169 ,12.22 , , ,,,,,
vidyo1_1280x720_60.yuv_QP_18_TarBit_4774,4774.9 ,44.943 ,47.428 ,48.193 ,36.180096, 16.583704,  ,4740.5 ,44.031 ,46.802 ,47.506 ,35.744341, 16.785874, ,4587.0 ,43.723 ,46.708 ,47.416 ,46.306640, 12.957105, , , , ,4851.42,43.047 ,46.339 ,47.264 ,31.21 , , ,4848.52,42.776 ,46.651 ,47.650 ,19.46 , , ,4851.61,42.786 ,46.663 ,47.668 ,17.83 , , ,,,,,
vidyo1_1280x720_60.yuv_QP_24_TarBit_1461,1461.8 ,41.656 ,45.974 ,46.754 ,40.945561, 14.653603,  ,1455.0 ,40.659 ,45.244 ,45.741 ,40.177806, 14.933618, ,1425.8 ,40.308 ,45.300 ,45.761 ,51.316386, 11.614224, , , , ,1494.78,40.075 ,45.115 ,45.690 ,47.14 , , ,1492.02,39.829 ,45.519 ,46.164 ,34.05 , , ,1493.88,39.824 ,45.503 ,46.158 ,31.97 , , ,,,,,
vidyo1_1280x720_60.yuv_QP_36_TarBit_367,367.0 ,35.750 ,43.341 ,43.667 ,48.194757, 12.449487,  ,375.6 ,36.247 ,43.692 ,43.968 ,46.651192, 11.639574, ,374.7 ,36.234 ,43.736 ,44.051 ,56.331656, 9.195540, , , , ,367.06,32.808 ,41.792 ,41.718 ,62.12 , , ,365.71,32.406 ,42.057 ,42.055 ,50.53 , , ,367.33,32.263 ,41.996 ,41.893 ,49.02 , , ,,,,,
